id,name,sameAs,sameAsNote,state
ocd-division/country:et,Ethiopia,,,
ocd-division/country:et/administration:aa,Addis Ababa,,,Addis Ababa
ocd-division/country:et/administration:aa/ed:44075,44075,,,Addis Ababa
ocd-division/country:et/administration:aa/ed:werda_1_and_9,Werda 1/9,ocd-division/country:et/administration:aa/ed:woreda_1_and_9,,Addis Ababa
ocd-division/country:et/administration:aa/ed:werda_10,Werda 10,ocd-division/country:et/administration:aa/ed:woreda_10,,Addis Ababa
ocd-division/country:et/administration:aa/ed:werda_15,Werda 15,ocd-division/country:et/administration:aa/ed:woreda_15,,Addis Ababa
ocd-division/country:et/administration:aa/ed:werda_16,Werda 16,ocd-division/country:et/administration:aa/ed:woreda_16,,Addis Ababa
ocd-division/country:et/administration:aa/ed:werda_17,Werda 17,ocd-division/country:et/administration:aa/ed:woreda_17,,Addis Ababa
ocd-division/country:et/administration:aa/ed:werda_18,Werda 18,ocd-division/country:et/administration:aa/ed:woreda_18,,Addis Ababa
ocd-division/country:et/administration:aa/ed:werda_19,Werda 19,ocd-division/country:et/administration:aa/ed:woreda_19,,Addis Ababa
ocd-division/country:et/administration:aa/ed:werda_2_and_14,Werda 2/14,ocd-division/country:et/administration:aa/ed:woreda_2_and_14,,Addis Ababa
ocd-division/country:et/administration:aa/ed:werda_20,Werda 20,ocd-division/country:et/administration:aa/ed:woreda_20,,Addis Ababa
ocd-division/country:et/administration:aa/ed:werda_21_and_22,Werda 21/22,ocd-division/country:et/administration:aa/ed:woreda_21_and_22,,Addis Ababa
ocd-division/country:et/administration:aa/ed:werda_211,Werda 211,,,Addis Ababa
ocd-division/country:et/administration:aa/ed:werda_23,Werda 23,,,Addis Ababa
ocd-division/country:et/administration:aa/ed:werda_24,Werda 24,ocd-division/country:et/administration:aa/ed:woreda_24,,Addis Ababa
ocd-division/country:et/administration:aa/ed:werda_25,Werda 25,ocd-division/country:et/administration:aa/ed:woreda_25,,Addis Ababa
ocd-division/country:et/administration:aa/ed:werda_26_and_27,Werda 26/27,ocd-division/country:et/administration:aa/ed:woreda_26_and_27,,Addis Ababa
ocd-division/country:et/administration:aa/ed:werda_28,Werda 28,ocd-division/country:et/administration:aa/ed:woreda_28,,Addis Ababa
ocd-division/country:et/administration:aa/ed:werda_3,Werda 3,ocd-division/country:et/administration:aa/ed:woreda_3,,Addis Ababa
ocd-division/country:et/administration:aa/ed:werda_4,Werda 4,ocd-division/country:et/administration:aa/ed:woreda_4,,Addis Ababa
ocd-division/country:et/administration:aa/ed:werda_5,Werda 5,ocd-division/country:et/administration:aa/ed:woreda_5,,Addis Ababa
ocd-division/country:et/administration:aa/ed:werda_6,Werda 6,ocd-division/country:et/administration:aa/ed:woreda_6,,Addis Ababa
ocd-division/country:et/administration:aa/ed:werda_7,Werda 7,ocd-division/country:et/administration:aa/ed:woreda_7,,Addis Ababa
ocd-division/country:et/administration:aa/ed:werda_8,Werda 8,ocd-division/country:et/administration:aa/ed:woreda_8,,Addis Ababa
ocd-division/country:et/administration:aa/ed:woreda_1_and_9,Woreda 1/9,,,Addis Ababa
ocd-division/country:et/administration:aa/ed:woreda_10,Woreda 10,,,Addis Ababa
ocd-division/country:et/administration:aa/ed:woreda_11,Woreda 11,,,Addis Ababa
ocd-division/country:et/administration:aa/ed:woreda_12_and_13,Woreda12/13,,,Addis Ababa
ocd-division/country:et/administration:aa/ed:woreda_14,Woreda 14,,,Addis Ababa
ocd-division/country:et/administration:aa/ed:woreda_15,Woreda 15,,,Addis Ababa
ocd-division/country:et/administration:aa/ed:woreda_16,Woreda 16,,,Addis Ababa
ocd-division/country:et/administration:aa/ed:woreda_17,Woreda 17,,,Addis Ababa
ocd-division/country:et/administration:aa/ed:woreda_18,Woreda 18,,,Addis Ababa
ocd-division/country:et/administration:aa/ed:woreda_19,Woreda 19,,,Addis Ababa
ocd-division/country:et/administration:aa/ed:woreda_2_and_14,Woreda 2 And 14,,,Addis Ababa
ocd-division/country:et/administration:aa/ed:woreda_20,Woreda 20,,,Addis Ababa
ocd-division/country:et/administration:aa/ed:woreda_21_and_22,Woreda 21/22,,,Addis Ababa
ocd-division/country:et/administration:aa/ed:woreda_24,Woreda 24,,,Addis Ababa
ocd-division/country:et/administration:aa/ed:woreda_25,Woreda 25,,,Addis Ababa
ocd-division/country:et/administration:aa/ed:woreda_26_and_27,Woreda 26/27,,,Addis Ababa
ocd-division/country:et/administration:aa/ed:woreda_28,Woreda 28,,,Addis Ababa
ocd-division/country:et/administration:aa/ed:woreda_3,Woreda 3,,,Addis Ababa
ocd-division/country:et/administration:aa/ed:woreda_4,Woreda 4,,,Addis Ababa
ocd-division/country:et/administration:aa/ed:woreda_5,Woreda 5,,,Addis Ababa
ocd-division/country:et/administration:aa/ed:woreda_6,Woreda 6,,,Addis Ababa
ocd-division/country:et/administration:aa/ed:woreda_7,Woreda 7,,,Addis Ababa
ocd-division/country:et/administration:aa/ed:woreda_8,Woreda 8,,,Addis Ababa
ocd-division/country:et/administration:dd,Dire Dawa,,,Dire Dawa
ocd-division/country:et/administration:dd/ed:deri_dawa_1,Deri Dawa 1,,,Dire Dawa
ocd-division/country:et/administration:dd/ed:deri_dawa_2,Deri Dawa 2,,,Dire Dawa
ocd-division/country:et/administration:dd/ed:dire_dawa_one,Dire Dawa One,,,Dire Dawa
ocd-division/country:et/regional_state:af,Afar,,,Afar
ocd-division/country:et/regional_state:af/ed:abaala,Abaala,ocd-division/country:et/regional_state:af/ed:abala,,Afar
ocd-division/country:et/regional_state:af/ed:abala,Abala,,,Afar
ocd-division/country:et/regional_state:af/ed:amibara,Amibara,,,Afar
ocd-division/country:et/regional_state:af/ed:amibarah,Amibarah,ocd-division/country:et/regional_state:af/ed:amibara,,Afar
ocd-division/country:et/regional_state:af/ed:asayta,Asayta,,,Afar
ocd-division/country:et/regional_state:af/ed:awash_fantale,Awash Fantale,ocd-division/country:et/regional_state:af/ed:awash_fentale,Possible spelling change across terns,Afar
ocd-division/country:et/regional_state:af/ed:awash_fentale,Awash Fentale,,,Afar
ocd-division/country:et/regional_state:af/ed:dalfgi,Dalfgi,,,Afar
ocd-division/country:et/regional_state:af/ed:delifagh,Delifagh,,,Afar
ocd-division/country:et/regional_state:af/ed:dubti,Dubti,,,Afar
ocd-division/country:et/regional_state:af/ed:gewane,Gewane,,,Afar
ocd-division/country:et/regional_state:af/ed:gulina,Gulina,,,Afar
ocd-division/country:et/regional_state:am,Amhara,,,Amhara
ocd-division/country:et/regional_state:am/ed:1,1,,,Amhara
ocd-division/country:et/regional_state:am/ed:addis_kadam,Addis Kadam,,,Amhara
ocd-division/country:et/regional_state:am/ed:addis_qdema,Addis Qdema,ocd-division/country:et/regional_state:am/ed:addis_kadam,Possible spelling change across terms,Amhara
ocd-division/country:et/regional_state:am/ed:albuko,Albuko,,,Amhara
ocd-division/country:et/regional_state:am/ed:alebeko,Alebeko,,,Amhara
ocd-division/country:et/regional_state:am/ed:alefa_takusa,Alefa Takusa,,,Amhara
ocd-division/country:et/regional_state:am/ed:alem_ketema,Alem Ketema,,,Amhara
ocd-division/country:et/regional_state:am/ed:ambassel,Ambassel,,,Amhara
ocd-division/country:et/regional_state:am/ed:amber,Amber,,,Amhara
ocd-division/country:et/regional_state:am/ed:amhara,Amhara,,,Amhara
ocd-division/country:et/regional_state:am/ed:ankober,Ankober,,,Amhara
ocd-division/country:et/regional_state:am/ed:aqasta,Aqasta,,,Amhara
ocd-division/country:et/regional_state:am/ed:arerti,Arerti,,,Amhara
ocd-division/country:et/regional_state:am/ed:bahirdar,Bahirdar,,,Amhara
ocd-division/country:et/regional_state:am/ed:bahirdar_city,Bahirdar City,,,Amhara
ocd-division/country:et/regional_state:am/ed:belessa,Belessa,,,Amhara
ocd-division/country:et/regional_state:am/ed:bistima,Bistima,,,Amhara
ocd-division/country:et/regional_state:am/ed:bugna,Bugna,,,Amhara
ocd-division/country:et/regional_state:am/ed:bure,Bure,,,Amhara
ocd-division/country:et/regional_state:am/ed:burtkan_and_argoba_liyu,Burtkan And Argoba Liyu,,,Amhara
ocd-division/country:et/regional_state:am/ed:chagni,Chagni,,,Amhara
ocd-division/country:et/regional_state:am/ed:chilga_2,Chilga 2,,,Amhara
ocd-division/country:et/regional_state:am/ed:chirka,Chirka,,,Amhara
ocd-division/country:et/regional_state:am/ed:chliga_2,Chliga 2,ocd-division/country:et/regional_state:am/ed:chilga_2,Possible spelling change across terms,Amhara
ocd-division/country:et/regional_state:am/ed:d_markos,D Markos,,,Amhara
ocd-division/country:et/regional_state:am/ed:dabat,Dabat,,,Amhara
ocd-division/country:et/regional_state:am/ed:dangila,Dangila,,,Amhara
ocd-division/country:et/regional_state:am/ed:dangla,Dangla,ocd-division/country:et/regional_state:am/ed:dangila,Possible spelling change across terms,Amhara
ocd-division/country:et/regional_state:am/ed:dasie_1,Dasie 1,,,Amhara
ocd-division/country:et/regional_state:am/ed:dasie_2,Dasie 2,,,Amhara
ocd-division/country:et/regional_state:am/ed:debark,Debark,,,Amhara
ocd-division/country:et/regional_state:am/ed:debere_berhan,Debere Berhan,,,Amhara
ocd-division/country:et/regional_state:am/ed:debre_elias,Debre Elias,,,Amhara
ocd-division/country:et/regional_state:am/ed:debrebirhan,Debrebirhan,ocd-division/country:et/regional_state:am/ed:debere_berhan,,Amhara
ocd-division/country:et/regional_state:am/ed:debresina,Debresina,,,Amhara
ocd-division/country:et/regional_state:am/ed:debresina_1,Debresina 1,,,Amhara
ocd-division/country:et/regional_state:am/ed:debresina_2,Debresina 2,,,Amhara
ocd-division/country:et/regional_state:am/ed:debrework,Debrework,,,Amhara
ocd-division/country:et/regional_state:am/ed:dega_damot,Dega Damot,,,Amhara
ocd-division/country:et/regional_state:am/ed:degothewon_and_bubugn,Degothewon and Bubugn,,,Amhara
ocd-division/country:et/regional_state:am/ed:dehana,Dehana,,,Amhara
ocd-division/country:et/regional_state:am/ed:dejen,Dejen,,,Amhara
ocd-division/country:et/regional_state:am/ed:delanta,Delanta,,,Amhara
ocd-division/country:et/regional_state:am/ed:dembecha,Dembecha,,,Amhara
ocd-division/country:et/regional_state:am/ed:dembia_2,Dembia 2,,,Amhara
ocd-division/country:et/regional_state:am/ed:denbiya_1,Denbiya 1,,,Amhara
ocd-division/country:et/regional_state:am/ed:denbyia_1,Denbyia 1,ocd-division/country:et/regional_state:am/ed:denbiya_1,Possible spelling change across terms,Amhara
ocd-division/country:et/regional_state:am/ed:deneba,Deneba,,,Amhara
ocd-division/country:et/regional_state:am/ed:dera_1,Dera 1,,,Amhara
ocd-division/country:et/regional_state:am/ed:desie_3,Desie 3,,,Amhara
ocd-division/country:et/regional_state:am/ed:desie_town,Desie Town,,,Amhara
ocd-division/country:et/regional_state:am/ed:dessie_1,Dessie 1,,,Amhara
ocd-division/country:et/regional_state:am/ed:dewa_chefa,Dewa Chefa,,,Amhara
ocd-division/country:et/regional_state:am/ed:dil_yibza,Dil Yibza,,,Amhara
ocd-division/country:et/regional_state:am/ed:dilybiza,Dilybiza,ocd-division/country:et/regional_state:am/ed:dil_yibza,,Amhara
ocd-division/country:et/regional_state:am/ed:ebinat_2,Ebinat 2,,,Amhara
ocd-division/country:et/regional_state:am/ed:efeson,Efeson,,,Amhara
ocd-division/country:et/regional_state:am/ed:enemay_and_bichena,Enemay and Bichena,,,Amhara
ocd-division/country:et/regional_state:am/ed:estie_2,Estie 2,,,Amhara
ocd-division/country:et/regional_state:am/ed:fareta_1,Fareta 1,,,Amhara
ocd-division/country:et/regional_state:am/ed:farta_3,Farta 3,,,Amhara
ocd-division/country:et/regional_state:am/ed:garchech,Garchech,,,Amhara
ocd-division/country:et/regional_state:am/ed:gedne,Gedne,,,Amhara
ocd-division/country:et/regional_state:am/ed:gem_jabet,Gem Jabet,,,Amhara
ocd-division/country:et/regional_state:am/ed:gemja_bete,Gemja Bete,,,Amhara
ocd-division/country:et/regional_state:am/ed:gidan,Gidan,,,Amhara
ocd-division/country:et/regional_state:am/ed:gondar_zuria_3,Gondar Zuria 3,,,Amhara
ocd-division/country:et/regional_state:am/ed:gonder,Gonder,,,Amhara
ocd-division/country:et/regional_state:am/ed:gonder_city_1,Gonder City 1,,,Amhara
ocd-division/country:et/regional_state:am/ed:gonder_zuria_1,Gonder Zuria 1,,,Amhara
ocd-division/country:et/regional_state:am/ed:gonji_kolela,Gonji Kolela,,,Amhara
ocd-division/country:et/regional_state:am/ed:gubelfto,Gubelfto,,,Amhara
ocd-division/country:et/regional_state:am/ed:gunde_wayen,Gunde Wayen,ocd-division/country:et/regional_state:am/ed:gundewoyen,Possible spelling change across terms,Amhara
ocd-division/country:et/regional_state:am/ed:gundewoyen,Gundewoyen,,,Amhara
ocd-division/country:et/regional_state:am/ed:habru,Habru,,,Amhara
ocd-division/country:et/regional_state:am/ed:hebru,Hebru,ocd-division/country:et/regional_state:am/ed:habru,Possible spelling change across terms,Amhara
ocd-division/country:et/regional_state:am/ed:jama,Jama,,,Amhara
ocd-division/country:et/regional_state:am/ed:janamora,Janamora,,,Amhara
ocd-division/country:et/regional_state:am/ed:jigga,Jigga,,,Amhara
ocd-division/country:et/regional_state:am/ed:kailu_2,Kailu 2,,,Amhara
ocd-division/country:et/regional_state:am/ed:keleg,Keleg,,,Amhara
ocd-division/country:et/regional_state:am/ed:kelela,Kelela,,,Amhara
ocd-division/country:et/regional_state:am/ed:kemkem_1,Kemkem 1,,,Amhara
ocd-division/country:et/regional_state:am/ed:kobo,Kobo,,,Amhara
ocd-division/country:et/regional_state:am/ed:kosober,Kosober,,,Amhara
ocd-division/country:et/regional_state:am/ed:kossober,Kossober,ocd-division/country:et/regional_state:am/ed:kosober,,Amhara
ocd-division/country:et/regional_state:am/ed:kutaber,Kutaber,,,Amhara
ocd-division/country:et/regional_state:am/ed:kuy,Kuy,,,Amhara
ocd-division/country:et/regional_state:am/ed:lay_armachiho,Lay Armachiho,,,Amhara
ocd-division/country:et/regional_state:am/ed:lay_armachiho_1,Lay Armachiho 1,,,Amhara
ocd-division/country:et/regional_state:am/ed:lay_gaint,Lay Gaint,,,Amhara
ocd-division/country:et/regional_state:am/ed:laygaynit_2,Laygaynit 2,,,Amhara
ocd-division/country:et/regional_state:am/ed:legaambo,Legaambo,ocd-division/country:et/regional_state:am/ed:legambo,,Amhara
ocd-division/country:et/regional_state:am/ed:legambo,Legambo,,,Amhara
ocd-division/country:et/regional_state:am/ed:liben,Liben,,,Amhara
ocd-division/country:et/regional_state:am/ed:lumame,Lumame,,,Amhara
ocd-division/country:et/regional_state:am/ed:majete,Majete,,,Amhara
ocd-division/country:et/regional_state:am/ed:matebia_and_quara,Matebia and Quara,,,Amhara
ocd-division/country:et/regional_state:am/ed:mehal_meda,Mehal Meda,,,Amhara
ocd-division/country:et/regional_state:am/ed:mehalmeda,Mehalmeda,ocd-division/country:et/regional_state:am/ed:mehal_meda,,Amhara
ocd-division/country:et/regional_state:am/ed:meket_1,Meket 1,,,Amhara
ocd-division/country:et/regional_state:am/ed:meket_2,Meket 2,,,Amhara
ocd-division/country:et/regional_state:am/ed:meqdela,Meqdela,,,Amhara
ocd-division/country:et/regional_state:am/ed:meraga,Meraga,,,Amhara
ocd-division/country:et/regional_state:am/ed:merawi,Merawi,,,Amhara
ocd-division/country:et/regional_state:am/ed:mertu_lemariam,Mertulemariam,,,Amhara
ocd-division/country:et/regional_state:am/ed:metema,Metema,,,Amhara
ocd-division/country:et/regional_state:am/ed:molale,Molale,,,Amhara
ocd-division/country:et/regional_state:am/ed:mollale,Mollale,ocd-division/country:et/regional_state:am/ed:molale,,Amhara
ocd-division/country:et/regional_state:am/ed:one,One,,,Amhara
ocd-division/country:et/regional_state:am/ed:qalu_2,Qalu 2,,,Amhara
ocd-division/country:et/regional_state:am/ed:qelaje,Qelaje,,,Amhara
ocd-division/country:et/regional_state:am/ed:quara_matebia,Quara Matebia,,,Amhara
ocd-division/country:et/regional_state:am/ed:quarit,Quarit,,,Amhara
ocd-division/country:et/regional_state:am/ed:rabel,Rabel,,,Amhara
ocd-division/country:et/regional_state:am/ed:robit,Robit,,,Amhara
ocd-division/country:et/regional_state:am/ed:saint_2,Saint 2,,,Amhara
ocd-division/country:et/regional_state:am/ed:sakeela,Sakeela,,,Amhara
ocd-division/country:et/regional_state:am/ed:sayent_2,Sayent 2,,,Amhara
ocd-division/country:et/regional_state:am/ed:sayint,Sayint,,,Amhara
ocd-division/country:et/regional_state:am/ed:sayint_1,Sayint 1,,,Amhara
ocd-division/country:et/regional_state:am/ed:sedie,Sedie,,,Amhara
ocd-division/country:et/regional_state:am/ed:sekota,Sekota,,,Amhara
ocd-division/country:et/regional_state:am/ed:seqota,Seqota,ocd-division/country:et/regional_state:am/ed:sekota,,Amhara
ocd-division/country:et/regional_state:am/ed:simada_2,Simada 2,,,Amhara
ocd-division/country:et/regional_state:am/ed:tach_armacheho,Tach Armacheho,ocd-division/country:et/regional_state:am/ed:tachi_armachio,,Amhara
ocd-division/country:et/regional_state:am/ed:tach_gayent,Tach Gayent,,,Amhara
ocd-division/country:et/regional_state:am/ed:tach_gaynt,Tach Gaynt,,,Amhara
ocd-division/country:et/regional_state:am/ed:tachi_armachio,Tachi Armachio,,,Amhara
ocd-division/country:et/regional_state:am/ed:takussa_2,Takussa 2,,,Amhara
ocd-division/country:et/regional_state:am/ed:tanta,Tanta,,,Amhara
ocd-division/country:et/regional_state:am/ed:tehuldera_1,Tehuldera 1,,,Amhara
ocd-division/country:et/regional_state:am/ed:tehuldera_2,Tehuldera 2,ocd-division/country:et/regional_state:am/ed:tehulederea_2,,Amhara
ocd-division/country:et/regional_state:am/ed:tehuledere,Tehuledere,,,Amhara
ocd-division/country:et/regional_state:am/ed:tehulederea_2,Tehulederea 2,,,Amhara
ocd-division/country:et/regional_state:am/ed:tenta,Tenta,,,Amhara
ocd-division/country:et/regional_state:am/ed:tilil,Tilil,,,Amhara
ocd-division/country:et/regional_state:am/ed:tis_abay,Tis Abay,,,Amhara
ocd-division/country:et/regional_state:am/ed:tis_abay_zenelema,Tis Abay Zenelema,,,Amhara
ocd-division/country:et/regional_state:am/ed:wagera_1,Wagera 1,,,Amhara
ocd-division/country:et/regional_state:am/ed:wedlana_dewont,Wedlana Dewont,,,Amhara
ocd-division/country:et/regional_state:am/ed:wegdi,Wegdi,,,Amhara
ocd-division/country:et/regional_state:am/ed:weqat_1,Weqat 1,,,Amhara
ocd-division/country:et/regional_state:am/ed:weqat_2,Weqat 2,,,Amhara
ocd-division/country:et/regional_state:am/ed:werailu,Werailu,,,Amhara
ocd-division/country:et/regional_state:am/ed:weyni_amba,Weyni Amba,,,Amhara
ocd-division/country:et/regional_state:am/ed:woegra_2,Woegra 2,,,Amhara
ocd-division/country:et/regional_state:am/ed:womberema,Womberema,,,Amhara
ocd-division/country:et/regional_state:am/ed:worbabo,Worbabo,,,Amhara
ocd-division/country:et/regional_state:am/ed:yecharqa,Yecharqa,ocd-division/country:et/regional_state:am/ed:yechereka,,Amhara
ocd-division/country:et/regional_state:am/ed:yechereka,Yechereka,,,Amhara
ocd-division/country:et/regional_state:am/ed:yedwha,Yedwha,,,Amhara
ocd-division/country:et/regional_state:am/ed:yiubia,Yiubia,,,Amhara
ocd-division/country:et/regional_state:be,Benishangul-Gumuz,,,Benishangul-Gumuz
ocd-division/country:et/regional_state:be/ed:asossa_megele,Asossa Megele,ocd-division/country:et/regional_state:be/ed:assosa_megale,,Benishangul-Gumuz
ocd-division/country:et/regional_state:be/ed:assosa_megale,Assosa Megale,,,Benishangul-Gumuz
ocd-division/country:et/regional_state:be/ed:assossa_hoha,Assossa Hoha,,,Benishangul-Gumuz
ocd-division/country:et/regional_state:be/ed:bambasi,Bambasi,,,Benishangul-Gumuz
ocd-division/country:et/regional_state:be/ed:bullen_and_wombera,Bullen and Wombera,,,Benishangul-Gumuz
ocd-division/country:et/regional_state:be/ed:daleti_medebegna,Daleti Medebegna,,,Benishangul-Gumuz
ocd-division/country:et/regional_state:be/ed:delati_regular,Delati Regular,,,Benishangul-Gumuz
ocd-division/country:et/regional_state:be/ed:kamashi,Kamashi,,,Benishangul-Gumuz
ocd-division/country:et/regional_state:be/ed:kemashi,Kemashi,ocd-division/country:et/regional_state:be/ed:kamashi,,Benishangul-Gumuz
ocd-division/country:et/regional_state:be/ed:mao_and_komospecia,Mao and Komospecia,,,Benishangul-Gumuz
ocd-division/country:et/regional_state:be/ed:mao_komo,Mao Komo,,,Benishangul-Gumuz
ocd-division/country:et/regional_state:be/ed:metekel,Metekel,,,Benishangul-Gumuz
ocd-division/country:et/regional_state:be/ed:sheqole,Sheqole,ocd-division/country:et/regional_state:be/ed:sherkole,,Benishangul-Gumuz
ocd-division/country:et/regional_state:be/ed:sherkole,Sherkole,,,Benishangul-Gumuz
ocd-division/country:et/regional_state:be/ed:shinasha_special,Shinasha Special,,,Benishangul-Gumuz
ocd-division/country:et/regional_state:ga,Gambela,,,Gambela
ocd-division/country:et/regional_state:ga/ed:gambela_ketema,Gambela Ketema,,,Gambela
ocd-division/country:et/regional_state:ga/ed:godere,Godere,,,Gambela
ocd-division/country:et/regional_state:ga/ed:lare,Lare,,,Gambela
ocd-division/country:et/regional_state:ha,Harari,,,Harari
ocd-division/country:et/regional_state:ha/ed:harari,Harari,,,Harari
ocd-division/country:et/regional_state:ha/ed:jegol_liyu,Jegol Liyu,,,Harari
ocd-division/country:et/regional_state:ha/ed:jegol_special,Jegol Special,,,Harari
ocd-division/country:et/regional_state:ha/ed:jegol_zuria_and_hundeni,Jegol Zuria And Hundeni,,,Harari
ocd-division/country:et/regional_state:ha/ed:jegule_special_vote_area,Jegule Special Vote Area,,,Harari
ocd-division/country:et/regional_state:or,Oromia,,,Oromia
ocd-division/country:et/regional_state:or/ed:abomsa,Abomsa,,,Oromia
ocd-division/country:et/regional_state:or/ed:abote_derra,Abote Derra,,,Oromia
ocd-division/country:et/regional_state:or/ed:adaa_berga,Adaa Berga,,,Oromia
ocd-division/country:et/regional_state:or/ed:adaba,Adaba,,,Oromia
ocd-division/country:et/regional_state:or/ed:adama,Adama,,,Oromia
ocd-division/country:et/regional_state:or/ed:adama_1,Adama 1,,,Oromia
ocd-division/country:et/regional_state:or/ed:adama_2,Adama 2,,,Oromia
ocd-division/country:et/regional_state:or/ed:adama_3,Adama 3,,,Oromia
ocd-division/country:et/regional_state:or/ed:addis_alam,Addis Alam,,,Oromia
ocd-division/country:et/regional_state:or/ed:addis_alem,Addis Alem,ocd-division/country:et/regional_state:or/ed:addis_alam,,Oromia
ocd-division/country:et/regional_state:or/ed:adea_1,Adea 1,,,Oromia
ocd-division/country:et/regional_state:or/ed:adea_2,Adea 2,,,Oromia
ocd-division/country:et/regional_state:or/ed:adea_barga,Adea Barga,,,Oromia
ocd-division/country:et/regional_state:or/ed:agarfa_gasera,Agarfa Gasera,,,Oromia
ocd-division/country:et/regional_state:or/ed:akaki_genbchu,Akaki Genbchu,,,Oromia
ocd-division/country:et/regional_state:or/ed:akaki_gimbichuy,Akaki Gimbichuy,,,Oromia
ocd-division/country:et/regional_state:or/ed:alem,Alem,,,Oromia
ocd-division/country:et/regional_state:or/ed:alem_gena_1,Alem Gena 1,,,Oromia
ocd-division/country:et/regional_state:or/ed:alemgena_1,Alemgena 1,ocd-division/country:et/regional_state:or/ed:alem_gena_1,,Oromia
ocd-division/country:et/regional_state:or/ed:alemgena_2,Alemgena 2,,,Oromia
ocd-division/country:et/regional_state:or/ed:alemtena,Alemtena,,,Oromia
ocd-division/country:et/regional_state:or/ed:alibo,Alibo,,,Oromia
ocd-division/country:et/regional_state:or/ed:ambo_1,Ambo 1,,,Oromia
ocd-division/country:et/regional_state:or/ed:ameya_tikurinchny,Ameya Tikurinchny,,,Oromia
ocd-division/country:et/regional_state:or/ed:anno,Anno,,,Oromia
ocd-division/country:et/regional_state:or/ed:arboye,Arboye,,,Oromia
ocd-division/country:et/regional_state:or/ed:arise_negali,Arise Negali,,,Oromia
ocd-division/country:et/regional_state:or/ed:asako,Asako,,,Oromia
ocd-division/country:et/regional_state:or/ed:asasa,Asasa,,,Oromia
ocd-division/country:et/regional_state:or/ed:assela,Assela,,,Oromia
ocd-division/country:et/regional_state:or/ed:ayra_guliso,Ayra Guliso,,,Oromia
ocd-division/country:et/regional_state:or/ed:ayyana,Ayyana,,,Oromia
ocd-division/country:et/regional_state:or/ed:bacho,Bacho,,,Oromia
ocd-division/country:et/regional_state:or/ed:bako_tibe,Bako Tibe,,,Oromia
ocd-division/country:et/regional_state:or/ed:barek_aletu,Barek Aletu,,,Oromia
ocd-division/country:et/regional_state:or/ed:bati,Bati,,,Oromia
ocd-division/country:et/regional_state:or/ed:becho,Becho,,,Oromia
ocd-division/country:et/regional_state:or/ed:bedele,Bedele,,,Oromia
ocd-division/country:et/regional_state:or/ed:bedeno,Bedeno,,,Oromia
ocd-division/country:et/regional_state:or/ed:bedesa,Bedesa,,,Oromia
ocd-division/country:et/regional_state:or/ed:bekoji_1,Bekoji 1,,,Oromia
ocd-division/country:et/regional_state:or/ed:bekoji_2,Bekoji 2,,,Oromia
ocd-division/country:et/regional_state:or/ed:bele,Bele,,,Oromia
ocd-division/country:et/regional_state:or/ed:bereh_aleltu,Bereh Aleltu,,,Oromia
ocd-division/country:et/regional_state:or/ed:beroda,Beroda,,,Oromia
ocd-division/country:et/regional_state:or/ed:bilo_nopa,Bilo Nopa,,,Oromia
ocd-division/country:et/regional_state:or/ed:boddelle,Boddelle,,,Oromia
ocd-division/country:et/regional_state:or/ed:bokko,Bokko,ocd-division/country:et/regional_state:or/ed:boko,,Oromia
ocd-division/country:et/regional_state:or/ed:boko,Boko,,,Oromia
ocd-division/country:et/regional_state:or/ed:boqhi,Boqhi,,,Oromia
ocd-division/country:et/regional_state:or/ed:bore,Bore,,,Oromia
ocd-division/country:et/regional_state:or/ed:chaferobit,Chaferobit,,,Oromia
ocd-division/country:et/regional_state:or/ed:chalenko_2,Chalenko 2,,,Oromia
ocd-division/country:et/regional_state:or/ed:chaliya_2,Chaliya 2,,,Oromia
ocd-division/country:et/regional_state:or/ed:chancho,Chancho,,,Oromia
ocd-division/country:et/regional_state:or/ed:chelenko_1,Chelenko 1,,,Oromia
ocd-division/country:et/regional_state:or/ed:chelia_1,Chelia 1,,,Oromia
ocd-division/country:et/regional_state:or/ed:chelia_2,Chelia 2,,,Oromia
ocd-division/country:et/regional_state:or/ed:chiro_1,Chiro 1,,,Oromia
ocd-division/country:et/regional_state:or/ed:chiro_2,Chiro 2,,,Oromia
ocd-division/country:et/regional_state:or/ed:chiro_3,Chiro 3,,,Oromia
ocd-division/country:et/regional_state:or/ed:chole,Chole,,,Oromia
ocd-division/country:et/regional_state:or/ed:chora,Chora,,,Oromia
ocd-division/country:et/regional_state:or/ed:dambi_dollo,Dambi Dollo,,,Oromia
ocd-division/country:et/regional_state:or/ed:dandi_1,Dandi 1,,,Oromia
ocd-division/country:et/regional_state:or/ed:dandi_2,Dandi 2,,,Oromia
ocd-division/country:et/regional_state:or/ed:dano,Dano,,,Oromia
ocd-division/country:et/regional_state:or/ed:darimu,Darimu,,,Oromia
ocd-division/country:et/regional_state:or/ed:deder_1,Deder 1,,,Oromia
ocd-division/country:et/regional_state:or/ed:deder_2,Deder 2,,,Oromia
ocd-division/country:et/regional_state:or/ed:dedo_1,Dedo 1,,,Oromia
ocd-division/country:et/regional_state:or/ed:dedo_2,Dedo 2,,,Oromia
ocd-division/country:et/regional_state:or/ed:degem,Degem,,,Oromia
ocd-division/country:et/regional_state:or/ed:dello_mena,Dello Mena,,,Oromia
ocd-division/country:et/regional_state:or/ed:dembi,Dembi,,,Oromia
ocd-division/country:et/regional_state:or/ed:dembidolo,Dembidolo,,,Oromia
ocd-division/country:et/regional_state:or/ed:dera,Dera,,,Oromia
ocd-division/country:et/regional_state:or/ed:didesa,Didesa,,,Oromia
ocd-division/country:et/regional_state:or/ed:diga_kolobo,Diga Kolobo,,,Oromia
ocd-division/country:et/regional_state:or/ed:digga_kolobo,Digga Kolobo,ocd-division/country:et/regional_state:or/ed:diga_kolobo,,Oromia
ocd-division/country:et/regional_state:or/ed:dimtuu,Dimtuu,,,Oromia
ocd-division/country:et/regional_state:or/ed:doba,Doba,,,Oromia
ocd-division/country:et/regional_state:or/ed:dodola,Dodola,,,Oromia
ocd-division/country:et/regional_state:or/ed:dolo_menna,Dolo Menna,,,Oromia
ocd-division/country:et/regional_state:or/ed:enango_bila,Enango Bila,,,Oromia
ocd-division/country:et/regional_state:or/ed:enchine,Enchine,,,Oromia
ocd-division/country:et/regional_state:or/ed:eteya,Eteya,,,Oromia
ocd-division/country:et/regional_state:or/ed:fincha,Fincha,,,Oromia
ocd-division/country:et/regional_state:or/ed:fugnyanbira,Fugnyanbira,,,Oromia
ocd-division/country:et/regional_state:or/ed:gallo,Gallo,,,Oromia
ocd-division/country:et/regional_state:or/ed:gatira,Gatira,,,Oromia
ocd-division/country:et/regional_state:or/ed:gechi_borecha,Gechi,,,Oromia
ocd-division/country:et/regional_state:or/ed:gedab_hasassa,Gedab Hasassa,,,Oromia
ocd-division/country:et/regional_state:or/ed:gelila,Gelila,,,Oromia
ocd-division/country:et/regional_state:or/ed:gera,Gera,,,Oromia
ocd-division/country:et/regional_state:or/ed:gidami,Gidami,,,Oromia
ocd-division/country:et/regional_state:or/ed:gimbi,Gimbi,,,Oromia
ocd-division/country:et/regional_state:or/ed:gindabarat,Gindabarat,,,Oromia
ocd-division/country:et/regional_state:or/ed:gindeberet,Gindeberet,ocd-division/country:et/regional_state:or/ed:gindabarat,,Oromia
ocd-division/country:et/regional_state:or/ed:giner,Giner,,,Oromia
ocd-division/country:et/regional_state:or/ed:girawa,Girawa,,,Oromia
ocd-division/country:et/regional_state:or/ed:goba,Goba,,,Oromia
ocd-division/country:et/regional_state:or/ed:golela,Golela,,,Oromia
ocd-division/country:et/regional_state:or/ed:goma_1,Goma 1,,,Oromia
ocd-division/country:et/regional_state:or/ed:gomma_1,Gomma 1,ocd-division/country:et/regional_state:or/ed:goma_1,,Oromia
ocd-division/country:et/regional_state:or/ed:gore,Gore,,,Oromia
ocd-division/country:et/regional_state:or/ed:goro,Goro,,,Oromia
ocd-division/country:et/regional_state:or/ed:grar_jarso,Grar Jarso,,,Oromia
ocd-division/country:et/regional_state:or/ed:grarjarso,Grarjarso,ocd-division/country:et/regional_state:or/ed:grar_jarso,,Oromia
ocd-division/country:et/regional_state:or/ed:guatera,Guatera,,,Oromia
ocd-division/country:et/regional_state:or/ed:gute,Gute,,,Oromia
ocd-division/country:et/regional_state:or/ed:guyi_ganat,Guyi Ganat,,,Oromia
ocd-division/country:et/regional_state:or/ed:habro_1,Habro 1,,,Oromia
ocd-division/country:et/regional_state:or/ed:habro_2,Habro 2,,,Oromia
ocd-division/country:et/regional_state:or/ed:hagere_maryaim,Hagere Maryaim,,,Oromia
ocd-division/country:et/regional_state:or/ed:haramaya_1,Haramaya 1,,,Oromia
ocd-division/country:et/regional_state:or/ed:haramaya_2,Haramaya 2,,,Oromia
ocd-division/country:et/regional_state:or/ed:haremaya_1,Haremaya 1,ocd-division/country:et/regional_state:or/ed:haramaya_1,,Oromia
ocd-division/country:et/regional_state:or/ed:haremaya_2,Haremaya 2,ocd-division/country:et/regional_state:or/ed:haramaya_2,,Oromia
ocd-division/country:et/regional_state:or/ed:harewacha,Harewacha,,,Oromia
ocd-division/country:et/regional_state:or/ed:hirna,Hirna,,,Oromia
ocd-division/country:et/regional_state:or/ed:inang_bila,Inang Bila,,,Oromia
ocd-division/country:et/regional_state:or/ed:j_and_arjo,J And Arjo,,,Oromia
ocd-division/country:et/regional_state:or/ed:jarra,Jarra,,,Oromia
ocd-division/country:et/regional_state:or/ed:jeldu,Jeldu,,,Oromia
ocd-division/country:et/regional_state:or/ed:jeledu,Jeledu,ocd-division/country:et/regional_state:or/ed:jeldu,,Oromia
ocd-division/country:et/regional_state:or/ed:jerso_sonyo_gabay,Jerso Sonyo Gabay,,,Oromia
ocd-division/country:et/regional_state:or/ed:jima_kersa,Jima Kersa,,,Oromia
ocd-division/country:et/regional_state:or/ed:jima_orjoo,Jima Orjoo,,,Oromia
ocd-division/country:et/regional_state:or/ed:jimma_town,Jimma Town,,,Oromia
ocd-division/country:et/regional_state:or/ed:kake,Kake,,,Oromia
ocd-division/country:et/regional_state:or/ed:kamana,Kamana,,,Oromia
ocd-division/country:et/regional_state:or/ed:kamona,Kamona,,,Oromia
ocd-division/country:et/regional_state:or/ed:kembebet,Kembebet,,,Oromia
ocd-division/country:et/regional_state:or/ed:kemise,Kemise,,,Oromia
ocd-division/country:et/regional_state:or/ed:kercha,Kercha,,,Oromia
ocd-division/country:et/regional_state:or/ed:kersa,Kersa,,,Oromia
ocd-division/country:et/regional_state:or/ed:kiberemengist,Kiberemengist,,,Oromia
ocd-division/country:et/regional_state:or/ed:kibremengist,Kibremengist,,,Oromia
ocd-division/country:et/regional_state:or/ed:kofale,Kofale,,,Oromia
ocd-division/country:et/regional_state:or/ed:kofale_2,Kofale 2,,,Oromia
ocd-division/country:et/regional_state:or/ed:kofalel,Kofalel,,,Oromia
ocd-division/country:et/regional_state:or/ed:kofele_2,Kofele 2,,,Oromia
ocd-division/country:et/regional_state:or/ed:kokosa,Kokosa,,,Oromia
ocd-division/country:et/regional_state:or/ed:kokosa_nenesabo,Kokosa Nenesabo,,,Oromia
ocd-division/country:et/regional_state:or/ed:kombolcha,Kombolcha,,,Oromia
ocd-division/country:et/regional_state:or/ed:kossa_2,Kossa 2,,,Oromia
ocd-division/country:et/regional_state:or/ed:kula,Kula,,,Oromia
ocd-division/country:et/regional_state:or/ed:kurfa_chele,Kurfa Chele,,,Oromia
ocd-division/country:et/regional_state:or/ed:kurfu_chale,Kurfu Chale,ocd-division/country:et/regional_state:or/ed:kurfa_chele,,Oromia
ocd-division/country:et/regional_state:or/ed:kuyu,Kuyu,,,Oromia
ocd-division/country:et/regional_state:or/ed:kuyyu,Kuyyu,ocd-division/country:et/regional_state:or/ed:kuyu,,Oromia
ocd-division/country:et/regional_state:or/ed:lallo,Lallo,,,Oromia
ocd-division/country:et/regional_state:or/ed:lemen,Lemen,,,Oromia
ocd-division/country:et/regional_state:or/ed:limu_kossa_1,Limu Kossa 1,,,Oromia
ocd-division/country:et/regional_state:or/ed:limu_seqa,Limu Seqa,,,Oromia
ocd-division/country:et/regional_state:or/ed:malka_soda,Malka Soda,,,Oromia
ocd-division/country:et/regional_state:or/ed:manna,Manna,,,Oromia
ocd-division/country:et/regional_state:or/ed:meki,Meki,,,Oromia
ocd-division/country:et/regional_state:or/ed:mekko,Mekko,,,Oromia
ocd-division/country:et/regional_state:or/ed:mendi,Mendi,,,Oromia
ocd-division/country:et/regional_state:or/ed:mesela,Mesela,,,Oromia
ocd-division/country:et/regional_state:or/ed:meta_2_chele,Meta 2 Chele,,,Oromia
ocd-division/country:et/regional_state:or/ed:meta_robi,Meta Robi,,,Oromia
ocd-division/country:et/regional_state:or/ed:mettu,Mettu,,,Oromia
ocd-division/country:et/regional_state:or/ed:metu,Metu,,,Oromia
ocd-division/country:et/regional_state:or/ed:michata,Michata,,,Oromia
ocd-division/country:et/regional_state:or/ed:miesoo,Miesoo,,,Oromia
ocd-division/country:et/regional_state:or/ed:modjo,Modjo,,,Oromia
ocd-division/country:et/regional_state:or/ed:mosala,Mosala,,,Oromia
ocd-division/country:et/regional_state:or/ed:moyale,Moyale,,,Oromia
ocd-division/country:et/regional_state:or/ed:nana,Nana,,,Oromia
ocd-division/country:et/regional_state:or/ed:nedjo,Nedjo,,,Oromia
ocd-division/country:et/regional_state:or/ed:negelle,Negelle,,,Oromia
ocd-division/country:et/regional_state:or/ed:nekemte,Nekemte,,,Oromia
ocd-division/country:et/regional_state:or/ed:nole_kaba_1,Nole Kaba 1,,,Oromia
ocd-division/country:et/regional_state:or/ed:nole_kaba_2,Nole Kaba 2,,,Oromia
ocd-division/country:et/regional_state:or/ed:nonnoo,Nonnoo,ocd-division/country:et/regional_state:or/ed:nono,,Oromia
ocd-division/country:et/regional_state:or/ed:nono,Nono,,,Oromia
ocd-division/country:et/regional_state:or/ed:nunu,Nunu,,,Oromia
ocd-division/country:et/regional_state:or/ed:ogalcho,Ogalcho,,,Oromia
ocd-division/country:et/regional_state:or/ed:omonada_1,Omonada 1,,,Oromia
ocd-division/country:et/regional_state:or/ed:omonada_2,Omonada 2,,,Oromia
ocd-division/country:et/regional_state:or/ed:qarsa_1,Qarsa 1,,,Oromia
ocd-division/country:et/regional_state:or/ed:qersa_2,Qersa 2,,,Oromia
ocd-division/country:et/regional_state:or/ed:robe,Robe,,,Oromia
ocd-division/country:et/regional_state:or/ed:sagure,Sagure,,,Oromia
ocd-division/country:et/regional_state:or/ed:segno_gebeya,Segno Gebeya,,,Oromia
ocd-division/country:et/regional_state:or/ed:seka_chekorsa_1,Seka Chekorsa1,,,Oromia
ocd-division/country:et/regional_state:or/ed:seka_chekorsa_2,Seka Chekorsa 2,,,Oromia
ocd-division/country:et/regional_state:or/ed:seqacheqorsa_2,Seqacheqorsa 2,ocd-division/country:et/regional_state:or/ed:seka_chekorsa_2,,Oromia
ocd-division/country:et/regional_state:or/ed:shahemene_1,Shahemene 1,,,Oromia
ocd-division/country:et/regional_state:or/ed:shambu,Shambu,,,Oromia
ocd-division/country:et/regional_state:or/ed:shashemene_1,Shashemene 1,,,Oromia
ocd-division/country:et/regional_state:or/ed:shashemene_2,Shashemene 2,,,Oromia
ocd-division/country:et/regional_state:or/ed:shirka,Shirka,,,Oromia
ocd-division/country:et/regional_state:or/ed:sibu_sire,Sibu Sire,,,Oromia
ocd-division/country:et/regional_state:or/ed:sinana,Sinana,,,Oromia
ocd-division/country:et/regional_state:or/ed:siraro_1,Siraro 1,,,Oromia
ocd-division/country:et/regional_state:or/ed:siraro_2,Siraro 2,,,Oromia
ocd-division/country:et/regional_state:or/ed:sokoru,Sokoru,,,Oromia
ocd-division/country:et/regional_state:or/ed:sulta_and_mulo,Sulta And Mulo,,,Oromia
ocd-division/country:et/regional_state:or/ed:sululita_mulo,Sululita Mulo,,,Oromia
ocd-division/country:et/regional_state:or/ed:techo,Techo,,,Oromia
ocd-division/country:et/regional_state:or/ed:teji,Teji,,,Oromia
ocd-division/country:et/regional_state:or/ed:tejo,Tejo,,,Oromia
ocd-division/country:et/regional_state:or/ed:ticho,Ticho,,,Oromia
ocd-division/country:et/regional_state:or/ed:uka,Uka,,,Oromia
ocd-division/country:et/regional_state:or/ed:uraga,Uraga,,,Oromia
ocd-division/country:et/regional_state:or/ed:weliso_2,Weliso 2,,,Oromia
ocd-division/country:et/regional_state:or/ed:welmera,Welmera,,,Oromia
ocd-division/country:et/regional_state:or/ed:werejarso,Werejarso,,,Oromia
ocd-division/country:et/regional_state:or/ed:wolenchiti,Wolenchiti,,,Oromia
ocd-division/country:et/regional_state:or/ed:woliso_2,Woliso 2,,,Oromia
ocd-division/country:et/regional_state:or/ed:wolliso_1,Wolliso 1,,,Oromia
ocd-division/country:et/regional_state:or/ed:wonch,Wonch,,,Oromia
ocd-division/country:et/regional_state:or/ed:wonchi,Wonchi,,,Oromia
ocd-division/country:et/regional_state:or/ed:wuchale_jidda,Wuchale Jidda,,,Oromia
ocd-division/country:et/regional_state:or/ed:yabello,Yabello,,,Oromia
ocd-division/country:et/regional_state:or/ed:yayo,Yayo,,,Oromia
ocd-division/country:et/regional_state:or/ed:yayyag_and_llalue_and_d_libanos,Yayyag And Llalue And D Libanos,,,Oromia
ocd-division/country:et/regional_state:or/ed:yeyye_gulualee,Yeyye Gulualee,,,Oromia
ocd-division/country:et/regional_state:or/ed:yubdo,Yubdo,,,Oromia
ocd-division/country:et/regional_state:or/ed:ziway,Ziway,,,Oromia
ocd-division/country:et/regional_state:or/ed:ziway_and_batu,Ziway And Batu,,,Oromia
ocd-division/country:et/regional_state:sn,"Southern Nations, Nationalities, And Peoples",,,"Southern Nations, Nationalities, And Peoples"
ocd-division/country:et/regional_state:sn/ed:adeya_kaka,Adeya Kaka,,,"Southern Nations, Nationalities, And Peoples"
ocd-division/country:et/regional_state:sn/ed:adia_kaka,Adia Kaka,,,"Southern Nations, Nationalities, And Peoples"
ocd-division/country:et/regional_state:sn/ed:aleta_chuko,Aleta Chuko,,,"Southern Nations, Nationalities, And Peoples"
ocd-division/country:et/regional_state:sn/ed:aleta_wondo,Aleta Wondo,,,"Southern Nations, Nationalities, And Peoples"
ocd-division/country:et/regional_state:sn/ed:aleya_wondo,Aleya Wondo,ocd-division/country:et/regional_state:sn/ed:aleta_wondo,,"Southern Nations, Nationalities, And Peoples"
ocd-division/country:et/regional_state:sn/ed:alicho_wuriro,Alicho Wuriro,,,"Southern Nations, Nationalities, And Peoples"
ocd-division/country:et/regional_state:sn/ed:amaro,Amaro,,,"Southern Nations, Nationalities, And Peoples"
ocd-division/country:et/regional_state:sn/ed:amaro_kele,Amaro Kele,,,"Southern Nations, Nationalities, And Peoples"
ocd-division/country:et/regional_state:sn/ed:ameya,Ameya,,,"Southern Nations, Nationalities, And Peoples"
ocd-division/country:et/regional_state:sn/ed:angacha_1,Angacha 1,,,"Southern Nations, Nationalities, And Peoples"
ocd-division/country:et/regional_state:sn/ed:angacha_2,Angacha 2,,,"Southern Nations, Nationalities, And Peoples"
ocd-division/country:et/regional_state:sn/ed:angecha_1,Angecha 1,ocd-division/country:et/regional_state:sn/ed:angacha_1,,"Southern Nations, Nationalities, And Peoples"
ocd-division/country:et/regional_state:sn/ed:arbaminch,Arbaminch,,,"Southern Nations, Nationalities, And Peoples"
ocd-division/country:et/regional_state:sn/ed:arbe_gonna,Arbe Gonna,,,"Southern Nations, Nationalities, And Peoples"
ocd-division/country:et/regional_state:sn/ed:arbegona,Arbegona,ocd-division/country:et/regional_state:sn/ed:arbe_gonna,,"Southern Nations, Nationalities, And Peoples"
ocd-division/country:et/regional_state:sn/ed:aroreso,Aroreso,,,"Southern Nations, Nationalities, And Peoples"
ocd-division/country:et/regional_state:sn/ed:awurada,Awurada,,,"Southern Nations, Nationalities, And Peoples"
ocd-division/country:et/regional_state:sn/ed:azernet,Azernet,,,"Southern Nations, Nationalities, And Peoples"
ocd-division/country:et/regional_state:sn/ed:baco_gazer_1,Baco Gazer 1,ocd-division/country:et/regional_state:sn/ed:bako_gazer_1,,"Southern Nations, Nationalities, And Peoples"
ocd-division/country:et/regional_state:sn/ed:baco_gazer_2,Baco Gazer 2,,,"Southern Nations, Nationalities, And Peoples"
ocd-division/country:et/regional_state:sn/ed:bako_gazer_1,Bako Gazer 1,,,"Southern Nations, Nationalities, And Peoples"
ocd-division/country:et/regional_state:sn/ed:balela,Balela,,,"Southern Nations, Nationalities, And Peoples"
ocd-division/country:et/regional_state:sn/ed:baloso_sore_2,Baloso Sore 2,,,"Southern Nations, Nationalities, And Peoples"
ocd-division/country:et/regional_state:sn/ed:baskato_cpasale,Baskato Cpasale,,,"Southern Nations, Nationalities, And Peoples"
ocd-division/country:et/regional_state:sn/ed:basketo_regular,Basketo Regular,,,"Southern Nations, Nationalities, And Peoples"
ocd-division/country:et/regional_state:sn/ed:basketo_special,Basketospecial,,,"Southern Nations, Nationalities, And Peoples"
ocd-division/country:et/regional_state:sn/ed:beena_tsemay,Beena Tsemay,,,"Southern Nations, Nationalities, And Peoples"
ocd-division/country:et/regional_state:sn/ed:belela,Belela,,,"Southern Nations, Nationalities, And Peoples"
ocd-division/country:et/regional_state:sn/ed:bensa,Bensa,,,"Southern Nations, Nationalities, And Peoples"
ocd-division/country:et/regional_state:sn/ed:birbir,Birbir,,,"Southern Nations, Nationalities, And Peoples"
ocd-division/country:et/regional_state:sn/ed:bita_gesha,Bita Gesha,,,"Southern Nations, Nationalities, And Peoples"
ocd-division/country:et/regional_state:sn/ed:boloso_soro_1,Boloso Soro 1,,,"Southern Nations, Nationalities, And Peoples"
ocd-division/country:et/regional_state:sn/ed:boloso_soro_2,Boloso Soro 2,,,"Southern Nations, Nationalities, And Peoples"
ocd-division/country:et/regional_state:sn/ed:boloso_soro_3,Boloso Soro 3,,,"Southern Nations, Nationalities, And Peoples"
ocd-division/country:et/regional_state:sn/ed:bolosso_sorie_1,Bolosso Sorie 1,,,"Southern Nations, Nationalities, And Peoples"
ocd-division/country:et/regional_state:sn/ed:boriji,Boriji,,,"Southern Nations, Nationalities, And Peoples"
ocd-division/country:et/regional_state:sn/ed:bule,Bule,,,"Southern Nations, Nationalities, And Peoples"
ocd-division/country:et/regional_state:sn/ed:burisa,Burisa,,,"Southern Nations, Nationalities, And Peoples"
ocd-division/country:et/regional_state:sn/ed:burji_liyu,Burji Liyu,,,"Southern Nations, Nationalities, And Peoples"
ocd-division/country:et/regional_state:sn/ed:bursa,Bursa,,,"Southern Nations, Nationalities, And Peoples"
ocd-division/country:et/regional_state:sn/ed:chencha,Chencha,,,"Southern Nations, Nationalities, And Peoples"
ocd-division/country:et/regional_state:sn/ed:chiri_regula,Chiri Regula,,,"Southern Nations, Nationalities, And Peoples"
ocd-division/country:et/regional_state:sn/ed:dalo_cha,Dalo Cha,ocd-division/country:et/regional_state:sn/ed:dalocha,,"Southern Nations, Nationalities, And Peoples"
ocd-division/country:et/regional_state:sn/ed:dalocha,Dalocha,,,"Southern Nations, Nationalities, And Peoples"
ocd-division/country:et/regional_state:sn/ed:damot_gale_1,Damot Gale 1,,,"Southern Nations, Nationalities, And Peoples"
ocd-division/country:et/regional_state:sn/ed:damot_gale_2,Damot Gale 2,,,"Southern Nations, Nationalities, And Peoples"
ocd-division/country:et/regional_state:sn/ed:damot_woyde_1,Damot Woyde 1,,,"Southern Nations, Nationalities, And Peoples"
ocd-division/country:et/regional_state:sn/ed:damot_woyde_2,Damot Woyde 2,,,"Southern Nations, Nationalities, And Peoples"
ocd-division/country:et/regional_state:sn/ed:dara,Dara,,,"Southern Nations, Nationalities, And Peoples"
ocd-division/country:et/regional_state:sn/ed:darra,Darra,ocd-division/country:et/regional_state:sn/ed:dara,,"Southern Nations, Nationalities, And Peoples"
ocd-division/country:et/regional_state:sn/ed:dasanech_special,Dasanech Special,,,"Southern Nations, Nationalities, And Peoples"
ocd-division/country:et/regional_state:sn/ed:dawro_mareka_gena,Dawro Mareka Gena,,,"Southern Nations, Nationalities, And Peoples"
ocd-division/country:et/regional_state:sn/ed:debrtsehay,Debrtsehay,,,"Southern Nations, Nationalities, And Peoples"
ocd-division/country:et/regional_state:sn/ed:decha_special,Decha Special,,,"Southern Nations, Nationalities, And Peoples"
ocd-division/country:et/regional_state:sn/ed:desie,Desie,ocd-division/country:et/regional_state:sn/ed:dessie,,"Southern Nations, Nationalities, And Peoples"
ocd-division/country:et/regional_state:sn/ed:dessie,Dessie,,,"Southern Nations, Nationalities, And Peoples"
ocd-division/country:et/regional_state:sn/ed:dilla,Dilla,,,"Southern Nations, Nationalities, And Peoples"
ocd-division/country:et/regional_state:sn/ed:dirashe_special,Dirashe Special,,,"Southern Nations, Nationalities, And Peoples"
ocd-division/country:et/regional_state:sn/ed:dita,Dita,,,"Southern Nations, Nationalities, And Peoples"
ocd-division/country:et/regional_state:sn/ed:dita_and_zada,Dita And Zada,,,"Southern Nations, Nationalities, And Peoples"
ocd-division/country:et/regional_state:sn/ed:dizi_liyou,Dizi Liyou,,,"Southern Nations, Nationalities, And Peoples"
ocd-division/country:et/regional_state:sn/ed:dizi_special,Dizi Special,,,"Southern Nations, Nationalities, And Peoples"
ocd-division/country:et/regional_state:sn/ed:duba,Duba,,,"Southern Nations, Nationalities, And Peoples"
ocd-division/country:et/regional_state:sn/ed:eaze_1,Eaze – 1,,,"Southern Nations, Nationalities, And Peoples"
ocd-division/country:et/regional_state:sn/ed:eaze_2,Eaze 2,,,"Southern Nations, Nationalities, And Peoples"
ocd-division/country:et/regional_state:sn/ed:emdibir,Emdibir,,,"Southern Nations, Nationalities, And Peoples"
ocd-division/country:et/regional_state:sn/ed:enemor_and_ener_2,Enemor And Ener 1,,,"Southern Nations, Nationalities, And Peoples"
ocd-division/country:et/regional_state:sn/ed:felege_selam,Felege Selam,,,"Southern Nations, Nationalities, And Peoples"
ocd-division/country:et/regional_state:sn/ed:fishagenet,Fishagenet,,,"Southern Nations, Nationalities, And Peoples"
ocd-division/country:et/regional_state:sn/ed:fisiha_genet,Fisiha Genet,ocd-division/country:et/regional_state:sn/ed:fishagenet,,"Southern Nations, Nationalities, And Peoples"
ocd-division/country:et/regional_state:sn/ed:geleb_liyu,Geleb Liyu,,,"Southern Nations, Nationalities, And Peoples"
ocd-division/country:et/regional_state:sn/ed:geresse,Geresse,,,"Southern Nations, Nationalities, And Peoples"
ocd-division/country:et/regional_state:sn/ed:gewada_liyu,Gewada Liyu,,,"Southern Nations, Nationalities, And Peoples"
ocd-division/country:et/regional_state:sn/ed:gewada_special,Gewada Special,,,"Southern Nations, Nationalities, And Peoples"
ocd-division/country:et/regional_state:sn/ed:gidole_medebegne,Gidole Medebegne,,,"Southern Nations, Nationalities, And Peoples"
ocd-division/country:et/regional_state:sn/ed:gidole_regular,Gidoleregular,,,"Southern Nations, Nationalities, And Peoples"
ocd-division/country:et/regional_state:sn/ed:gimbo,Gimbo,ocd-division/country:et/regional_state:sn/ed:ginbo,,"Southern Nations, Nationalities, And Peoples"
ocd-division/country:et/regional_state:sn/ed:ginbo,Ginbo,,,"Southern Nations, Nationalities, And Peoples"
ocd-division/country:et/regional_state:sn/ed:gofa_2,Gofa 2,,,"Southern Nations, Nationalities, And Peoples"
ocd-division/country:et/regional_state:sn/ed:goffa_1,Goffa 1,,,"Southern Nations, Nationalities, And Peoples"
ocd-division/country:et/regional_state:sn/ed:gorche,Gorche,,,"Southern Nations, Nationalities, And Peoples"
ocd-division/country:et/regional_state:sn/ed:goreche,Goreche,ocd-division/country:et/regional_state:sn/ed:gorche,,"Southern Nations, Nationalities, And Peoples"
ocd-division/country:et/regional_state:sn/ed:guguma,Guguma,,,"Southern Nations, Nationalities, And Peoples"
ocd-division/country:et/regional_state:sn/ed:gumer_1,Gumer 1,,,"Southern Nations, Nationalities, And Peoples"
ocd-division/country:et/regional_state:sn/ed:gumer_2,Gumer 2,,,"Southern Nations, Nationalities, And Peoples"
ocd-division/country:et/regional_state:sn/ed:halab_liyou_werda,Halab Liyou Werda,,,"Southern Nations, Nationalities, And Peoples"
ocd-division/country:et/regional_state:sn/ed:halaba_1,Halaba 1,,,"Southern Nations, Nationalities, And Peoples"
ocd-division/country:et/regional_state:sn/ed:halaba_2,Halaba 2,,,"Southern Nations, Nationalities, And Peoples"
ocd-division/country:et/regional_state:sn/ed:hamer_liyou,Hamer Liyou,,,"Southern Nations, Nationalities, And Peoples"
ocd-division/country:et/regional_state:sn/ed:hamer_special,Hamer Special,,,"Southern Nations, Nationalities, And Peoples"
ocd-division/country:et/regional_state:sn/ed:hawasa,Hawasa,ocd-division/country:et/regional_state:sn/ed:hawassa,,"Southern Nations, Nationalities, And Peoples"
ocd-division/country:et/regional_state:sn/ed:hawassa,Hawassa,,,"Southern Nations, Nationalities, And Peoples"
ocd-division/country:et/regional_state:sn/ed:hegere_selam,Hegere Selam,,,"Southern Nations, Nationalities, And Peoples"
ocd-division/country:et/regional_state:sn/ed:humbo,Humbo,,,"Southern Nations, Nationalities, And Peoples"
ocd-division/country:et/regional_state:sn/ed:isera_tocha,Isera Tocha,,,"Southern Nations, Nationalities, And Peoples"
ocd-division/country:et/regional_state:sn/ed:kacha_bira,Kacha Bira,,,"Southern Nations, Nationalities, And Peoples"
ocd-division/country:et/regional_state:sn/ed:kache_bira,Kache Bira,ocd-division/country:et/regional_state:sn/ed:kacha_bira,,"Southern Nations, Nationalities, And Peoples"
ocd-division/country:et/regional_state:sn/ed:kamba,Kamba,,,"Southern Nations, Nationalities, And Peoples"
ocd-division/country:et/regional_state:sn/ed:kayfere,Kayfere,ocd-division/country:et/regional_state:sn/ed:key_afer,,"Southern Nations, Nationalities, And Peoples"
ocd-division/country:et/regional_state:sn/ed:kedida_gamela_1,Kedida Gamela 1,,,"Southern Nations, Nationalities, And Peoples"
ocd-division/country:et/regional_state:sn/ed:kedida_gamela_2,Kedida Gamela 2,,,"Southern Nations, Nationalities, And Peoples"
ocd-division/country:et/regional_state:sn/ed:kemba,Kemba,,,"Southern Nations, Nationalities, And Peoples"
ocd-division/country:et/regional_state:sn/ed:key_afer,Key Afer,,,"Southern Nations, Nationalities, And Peoples"
ocd-division/country:et/regional_state:sn/ed:kibat,Kibat,ocd-division/country:et/regional_state:sn/ed:kibet,,"Southern Nations, Nationalities, And Peoples"
ocd-division/country:et/regional_state:sn/ed:kibet,Kibet,,,"Southern Nations, Nationalities, And Peoples"
ocd-division/country:et/regional_state:sn/ed:kindo_koysha_1,Kindo Koysha 1,,,"Southern Nations, Nationalities, And Peoples"
ocd-division/country:et/regional_state:sn/ed:kindo_koysha_2,Kindo Koysha 2,,,"Southern Nations, Nationalities, And Peoples"
ocd-division/country:et/regional_state:sn/ed:kokir,Kokir,,,"Southern Nations, Nationalities, And Peoples"
ocd-division/country:et/regional_state:sn/ed:konso,Konso,,,"Southern Nations, Nationalities, And Peoples"
ocd-division/country:et/regional_state:sn/ed:konso_liyou,Konso Liyou,,,"Southern Nations, Nationalities, And Peoples"
ocd-division/country:et/regional_state:sn/ed:konteb_1,Konteb 1,,,"Southern Nations, Nationalities, And Peoples"
ocd-division/country:et/regional_state:sn/ed:konteb_2,Konteb 2,,,"Southern Nations, Nationalities, And Peoples"
ocd-division/country:et/regional_state:sn/ed:konteb_3,Konteb 3,,,"Southern Nations, Nationalities, And Peoples"
ocd-division/country:et/regional_state:sn/ed:kontob_1,Kontob 1,,,"Southern Nations, Nationalities, And Peoples"
ocd-division/country:et/regional_state:sn/ed:kontob_2,Kontob 2,,,"Southern Nations, Nationalities, And Peoples"
ocd-division/country:et/regional_state:sn/ed:kontob_3,Kontob 3,,,"Southern Nations, Nationalities, And Peoples"
ocd-division/country:et/regional_state:sn/ed:koyisha_2,Koyisha 2,,,"Southern Nations, Nationalities, And Peoples"
ocd-division/country:et/regional_state:sn/ed:kucha,Kucha,,,"Southern Nations, Nationalities, And Peoples"
ocd-division/country:et/regional_state:sn/ed:laku,Laku,,,"Southern Nations, Nationalities, And Peoples"
ocd-division/country:et/regional_state:sn/ed:lanfaro,Lanfaro,,,"Southern Nations, Nationalities, And Peoples"
ocd-division/country:et/regional_state:sn/ed:lanfuro,Lanfuro,ocd-division/country:et/regional_state:sn/ed:lanfaro,,"Southern Nations, Nationalities, And Peoples"
ocd-division/country:et/regional_state:sn/ed:leku,Leku,,,"Southern Nations, Nationalities, And Peoples"
ocd-division/country:et/regional_state:sn/ed:lemo_1,Lemo 1,,,"Southern Nations, Nationalities, And Peoples"
ocd-division/country:et/regional_state:sn/ed:lemo_2,Lemo 2,,,"Southern Nations, Nationalities, And Peoples"
ocd-division/country:et/regional_state:sn/ed:loma_bosa,Loma Bosa,,,"Southern Nations, Nationalities, And Peoples"
ocd-division/country:et/regional_state:sn/ed:majet,Majet,,,"Southern Nations, Nationalities, And Peoples"
ocd-division/country:et/regional_state:sn/ed:male_liyou,Male Liyou,,,"Southern Nations, Nationalities, And Peoples"
ocd-division/country:et/regional_state:sn/ed:male_special,Male Special,,,"Southern Nations, Nationalities, And Peoples"
ocd-division/country:et/regional_state:sn/ed:mareka_gena,Mareka Gena,,,"Southern Nations, Nationalities, And Peoples"
ocd-division/country:et/regional_state:sn/ed:masha,Masha,,,"Southern Nations, Nationalities, And Peoples"
ocd-division/country:et/regional_state:sn/ed:meainet_special,Meainet Special,,,"Southern Nations, Nationalities, And Peoples"
ocd-division/country:et/regional_state:sn/ed:melekoza,Melekoza,,,"Southern Nations, Nationalities, And Peoples"
ocd-division/country:et/regional_state:sn/ed:ment_liyou,Ment Liyou,,,"Southern Nations, Nationalities, And Peoples"
ocd-division/country:et/regional_state:sn/ed:meskan_and_mareko_1,Meskan And Mareko 1,,,"Southern Nations, Nationalities, And Peoples"
ocd-division/country:et/regional_state:sn/ed:meskan_and_mareko_2,Meskan And Mareko 2,ocd-division/country:et/regional_state:sn/ed:meskan_mareko_2,,"Southern Nations, Nationalities, And Peoples"
ocd-division/country:et/regional_state:sn/ed:meskan_mareko_2,Meskan Mareko 2,,,"Southern Nations, Nationalities, And Peoples"
ocd-division/country:et/regional_state:sn/ed:meskan_wereda_1,Meskan Wereda 1,,,"Southern Nations, Nationalities, And Peoples"
ocd-division/country:et/regional_state:sn/ed:mizan_teferi,Mizan Teferi,,,"Southern Nations, Nationalities, And Peoples"
ocd-division/country:et/regional_state:sn/ed:ofa,Ofa,ocd-division/country:et/regional_state:sn/ed:offa,,"Southern Nations, Nationalities, And Peoples"
ocd-division/country:et/regional_state:sn/ed:offa,Offa,,,"Southern Nations, Nationalities, And Peoples"
ocd-division/country:et/regional_state:sn/ed:oyda_liyou,Oyda Liyou,,,"Southern Nations, Nationalities, And Peoples"
ocd-division/country:et/regional_state:sn/ed:oyda_special,Oyda Special,,,"Southern Nations, Nationalities, And Peoples"
ocd-division/country:et/regional_state:sn/ed:sankura_woarda_alab_1,Sankura Woarda Alab 1,,,"Southern Nations, Nationalities, And Peoples"
ocd-division/country:et/regional_state:sn/ed:selamber,Selamber,,,"Southern Nations, Nationalities, And Peoples"
ocd-division/country:et/regional_state:sn/ed:senteria,Senteria,,,"Southern Nations, Nationalities, And Peoples"
ocd-division/country:et/regional_state:sn/ed:shafina,Shafina,,,"Southern Nations, Nationalities, And Peoples"
ocd-division/country:et/regional_state:sn/ed:shafna,Shafna,ocd-division/country:et/regional_state:sn/ed:shafina,,"Southern Nations, Nationalities, And Peoples"
ocd-division/country:et/regional_state:sn/ed:sheko_liyou,Sheko Liyou,,,"Southern Nations, Nationalities, And Peoples"
ocd-division/country:et/regional_state:sn/ed:sheko_special,Sheko Special,,,"Southern Nations, Nationalities, And Peoples"
ocd-division/country:et/regional_state:sn/ed:sika_1,Sika 1,,,"Southern Nations, Nationalities, And Peoples"
ocd-division/country:et/regional_state:sn/ed:sika_2,Sika 2,,,"Southern Nations, Nationalities, And Peoples"
ocd-division/country:et/regional_state:sn/ed:sike_2,Sike 2,ocd-division/country:et/regional_state:sn/ed:sika_2,,"Southern Nations, Nationalities, And Peoples"
ocd-division/country:et/regional_state:sn/ed:soddo_zoreya_2,Soddo Zoreya 2,ocd-division/country:et/regional_state:sn/ed:sodo_zuria_2,,"Southern Nations, Nationalities, And Peoples"
ocd-division/country:et/regional_state:sn/ed:sodo,Sodo,,,"Southern Nations, Nationalities, And Peoples"
ocd-division/country:et/regional_state:sn/ed:sodo_zurea,Sodo Zurea,,,"Southern Nations, Nationalities, And Peoples"
ocd-division/country:et/regional_state:sn/ed:sodo_zuria_2,Sodo Zuria 2,,,"Southern Nations, Nationalities, And Peoples"
ocd-division/country:et/regional_state:sn/ed:soro_1,Soro 1,,,"Southern Nations, Nationalities, And Peoples"
ocd-division/country:et/regional_state:sn/ed:soro_2,Soro 2,,,"Southern Nations, Nationalities, And Peoples"
ocd-division/country:et/regional_state:sn/ed:surma_liyu,Surma Liyu,,,"Southern Nations, Nationalities, And Peoples"
ocd-division/country:et/regional_state:sn/ed:surma_special,Surma Special,,,"Southern Nations, Nationalities, And Peoples"
ocd-division/country:et/regional_state:sn/ed:tebela,Tebela,,,"Southern Nations, Nationalities, And Peoples"
ocd-division/country:et/regional_state:sn/ed:tello_cheta,Tello Cheta,,,"Southern Nations, Nationalities, And Peoples"
ocd-division/country:et/regional_state:sn/ed:tembaro,Tembaro,,,"Southern Nations, Nationalities, And Peoples"
ocd-division/country:et/regional_state:sn/ed:tepi,Tepi,,,"Southern Nations, Nationalities, And Peoples"
ocd-division/country:et/regional_state:sn/ed:tsemay_special,Tsemay Special,,,"Southern Nations, Nationalities, And Peoples"
ocd-division/country:et/regional_state:sn/ed:tulla,Tulla,,,"Southern Nations, Nationalities, And Peoples"
ocd-division/country:et/regional_state:sn/ed:undefined,Undefined,,,"Southern Nations, Nationalities, And Peoples"
ocd-division/country:et/regional_state:sn/ed:wacha,Wacha,,,"Southern Nations, Nationalities, And Peoples"
ocd-division/country:et/regional_state:sn/ed:walikit,Walikit,,,"Southern Nations, Nationalities, And Peoples"
ocd-division/country:et/regional_state:sn/ed:wanago_1,Wanago 1,,,"Southern Nations, Nationalities, And Peoples"
ocd-division/country:et/regional_state:sn/ed:welkete,Welkete,,,"Southern Nations, Nationalities, And Peoples"
ocd-division/country:et/regional_state:sn/ed:wenago_1,Wenago 1,,,"Southern Nations, Nationalities, And Peoples"
ocd-division/country:et/regional_state:sn/ed:wenago_2,Wenago 2,,,"Southern Nations, Nationalities, And Peoples"
ocd-division/country:et/regional_state:sn/ed:wenago_3,Wenago 3,,,"Southern Nations, Nationalities, And Peoples"
ocd-division/country:et/regional_state:sn/ed:wonago_3,Wonago 3,ocd-division/country:et/regional_state:sn/ed:wenago_3,,"Southern Nations, Nationalities, And Peoples"
ocd-division/country:et/regional_state:sn/ed:yem_liwy,Yem Liwy,,,"Southern Nations, Nationalities, And Peoples"
ocd-division/country:et/regional_state:sn/ed:yem_special,Yem Special,,,"Southern Nations, Nationalities, And Peoples"
ocd-division/country:et/regional_state:sn/ed:yirba,Yirba,,,"Southern Nations, Nationalities, And Peoples"
ocd-division/country:et/regional_state:sn/ed:yirga_chefe,Yirga Chefe,,,"Southern Nations, Nationalities, And Peoples"
ocd-division/country:et/regional_state:sn/ed:yirga_chefe_2,Yirga Chefe 2,ocd-division/country:et/regional_state:sn/ed:yirgacaffe_2,,"Southern Nations, Nationalities, And Peoples"
ocd-division/country:et/regional_state:sn/ed:yirgacaffe_2,Yirgacaffe 2,,,"Southern Nations, Nationalities, And Peoples"
ocd-division/country:et/regional_state:sn/ed:zala_dara_malo,Zala Dara Malo,,,"Southern Nations, Nationalities, And Peoples"
ocd-division/country:et/regional_state:sn/ed:zaladaramalo,Zaladaramalo,,,"Southern Nations, Nationalities, And Peoples"
ocd-division/country:et/regional_state:sn/ed:zeysie_special,Zeysie Special,,,"Southern Nations, Nationalities, And Peoples"
ocd-division/country:et/regional_state:so,Somali,,,Somali
ocd-division/country:et/regional_state:so/ed:arabi,Arabi,,,Somali
ocd-division/country:et/regional_state:so/ed:aware,Aware,,,Somali
ocd-division/country:et/regional_state:so/ed:aysha,Aysha,,,Somali
ocd-division/country:et/regional_state:so/ed:bokhu,Bokhu,,,Somali
ocd-division/country:et/regional_state:so/ed:dagaha_mado,Dagaha Mado,,,Somali
ocd-division/country:et/regional_state:so/ed:degahabur,Degahabur,,,Somali
ocd-division/country:et/regional_state:so/ed:degob,Degob,,,Somali
ocd-division/country:et/regional_state:so/ed:elkere,Elkere,,,Somali
ocd-division/country:et/regional_state:so/ed:erere,Erere,,,Somali
ocd-division/country:et/regional_state:so/ed:filtu,Filtu,,,Somali
ocd-division/country:et/regional_state:so/ed:galdi,Galdi,,,Somali
ocd-division/country:et/regional_state:so/ed:gashamo,Gashamo,,,Somali
ocd-division/country:et/regional_state:so/ed:godie,Godie,,,Somali
ocd-division/country:et/regional_state:so/ed:hargele,Hargele,,,Somali
ocd-division/country:et/regional_state:so/ed:jiggiga_1,Jiggiga 1,,,Somali
ocd-division/country:et/regional_state:so/ed:jigjiga_2,Jigjiga 2,,,Somali
ocd-division/country:et/regional_state:so/ed:kelafo,Kelafo,,,Somali
ocd-division/country:et/regional_state:so/ed:qebri_beyah,Qebri Beyah,,,Somali
ocd-division/country:et/regional_state:so/ed:qebri_dehar,Qebri Dehar,,,Somali
ocd-division/country:et/regional_state:so/ed:segeg,Segeg,,,Somali
ocd-division/country:et/regional_state:so/ed:shinile,Shinile,,,Somali
ocd-division/country:et/regional_state:so/ed:warder,Warder,,,Somali
ocd-division/country:et/regional_state:ti,Tigray,,,Tigray
ocd-division/country:et/regional_state:ti/ed:a_gudem,A/Gudem,,,Tigray
ocd-division/country:et/regional_state:ti/ed:abiy_adi,Abiy Adi,,,Tigray
ocd-division/country:et/regional_state:ti/ed:adigrat,Adigrat,,,Tigray
ocd-division/country:et/regional_state:ti/ed:adigudem,Adigudem,,,Tigray
ocd-division/country:et/regional_state:ti/ed:adigudom,Adigudom,ocd-division/country:et/regional_state:ti/ed:adigudem,,Tigray
ocd-division/country:et/regional_state:ti/ed:adiremets,Adiremets,ocd-division/country:et/regional_state:ti/ed:adiremetse,,Tigray
ocd-division/country:et/regional_state:ti/ed:adiremetse,Adiremetse,,,Tigray
ocd-division/country:et/regional_state:ti/ed:adishehu,Adishehu,,,Tigray
ocd-division/country:et/regional_state:ti/ed:adwa,Adwa,,,Tigray
ocd-division/country:et/regional_state:ti/ed:adwa_city,Adwa City,,,Tigray
ocd-division/country:et/regional_state:ti/ed:adwa_geter,Adwageter,,,Tigray
ocd-division/country:et/regional_state:ti/ed:adwa_rural,Adwa Rural,,,Tigray
ocd-division/country:et/regional_state:ti/ed:adwa_village,Adwa Village,,,Tigray
ocd-division/country:et/regional_state:ti/ed:agbe,Agbe,,,Tigray
ocd-division/country:et/regional_state:ti/ed:aksum,Aksum,,,Tigray
ocd-division/country:et/regional_state:ti/ed:alamata,Alamata,,,Tigray
ocd-division/country:et/regional_state:ti/ed:ambalage,Ambalage,,,Tigray
ocd-division/country:et/regional_state:ti/ed:assegide_tsimbla,Assegide Tsimbla,,,Tigray
ocd-division/country:et/regional_state:ti/ed:atsbi,Atsbi,,,Tigray
ocd-division/country:et/regional_state:ti/ed:atsbi_wenberta,Atsbi Wenberta,,,Tigray
ocd-division/country:et/regional_state:ti/ed:atsbiwenberta,Atsbiwenberta,ocd-division/country:et/regional_state:ti/ed:atsbi_wenberta,,Tigray
ocd-division/country:et/regional_state:ti/ed:axum,Axum,,,Tigray
ocd-division/country:et/regional_state:ti/ed:bizet,Bizet,,,Tigray
ocd-division/country:et/regional_state:ti/ed:debere_genet,Debere Genet,,,Tigray
ocd-division/country:et/regional_state:ti/ed:debra_genet,Debra Genet,,,Tigray
ocd-division/country:et/regional_state:ti/ed:dengulat,Dengulat,,,Tigray
ocd-division/country:et/regional_state:ti/ed:endabaguna,Endabaguna,,,Tigray
ocd-division/country:et/regional_state:ti/ed:endaselassie,Endaselassie,,,Tigray
ocd-division/country:et/regional_state:ti/ed:enderta,Enderta,,,Tigray
ocd-division/country:et/regional_state:ti/ed:entcho,Entcho,ocd-division/country:et/regional_state:ti/ed:enticho,,Tigray
ocd-division/country:et/regional_state:ti/ed:enticho,Enticho,,,Tigray
ocd-division/country:et/regional_state:ti/ed:erob_liyu,Erob Liyu,,,Tigray
ocd-division/country:et/regional_state:ti/ed:erob_special_electoral_district,Erob Special Electoral District,,,Tigray
ocd-division/country:et/regional_state:ti/ed:erobe_special,Erobe Special,ocd-division/country:et/regional_state:ti/ed:erob_special_electoral_district,,Tigray
ocd-division/country:et/regional_state:ti/ed:feres_mai,Feres Mai,,,Tigray
ocd-division/country:et/regional_state:ti/ed:gulmakda,Gulmakda,,,Tigray
ocd-division/country:et/regional_state:ti/ed:hallaila,Hallaila,,,Tigray
ocd-division/country:et/regional_state:ti/ed:hawzen,Hawzen,,,Tigray
ocd-division/country:et/regional_state:ti/ed:humera,Humera,,,Tigray
ocd-division/country:et/regional_state:ti/ed:korem,Korem,,,Tigray
ocd-division/country:et/regional_state:ti/ed:korem_ofla,Korem Ofla,,,Tigray
ocd-division/country:et/regional_state:ti/ed:kunama_special,Kunamaspecial,ocd-division/country:et/regional_state:ti/ed:kunama_special_election_district,,Tigray
ocd-division/country:et/regional_state:ti/ed:kunama_special_election_district,Kunama Special Election District,,,Tigray
ocd-division/country:et/regional_state:ti/ed:mahiberdigo,Mahiberdigo,,,Tigray
ocd-division/country:et/regional_state:ti/ed:maichew,Maichew,,,Tigray
ocd-division/country:et/regional_state:ti/ed:maiqinetal,Maiqinetal,,,Tigray
ocd-division/country:et/regional_state:ti/ed:maychew,Maychew,ocd-division/country:et/regional_state:ti/ed:maichew,,Tigray
ocd-division/country:et/regional_state:ti/ed:mayknetal,Mayknetal,,,Tigray
ocd-division/country:et/regional_state:ti/ed:mayqentil,Mayqentil,ocd-division/country:et/regional_state:ti/ed:mayknetal,,Tigray
ocd-division/country:et/regional_state:ti/ed:mehibera_digu,Mehibera Digu,,,Tigray
ocd-division/country:et/regional_state:ti/ed:mekale,Mekale,ocd-division/country:et/regional_state:ti/ed:mekele,,Tigray
ocd-division/country:et/regional_state:ti/ed:mekele,Mekele,,,Tigray
ocd-division/country:et/regional_state:ti/ed:mekelle,Mekelle,ocd-division/country:et/regional_state:ti/ed:mekele,,Tigray
ocd-division/country:et/regional_state:ti/ed:mereb_leh,Mereb Leh,,,Tigray
ocd-division/country:et/regional_state:ti/ed:nebelet,Nebelet,,,Tigray
ocd-division/country:et/regional_state:ti/ed:quiha,Quiha,,,Tigray
ocd-division/country:et/regional_state:ti/ed:rama,Rama,,,Tigray
ocd-division/country:et/regional_state:ti/ed:s_ts_amba,S_Ts_Amba,,,Tigray
ocd-division/country:et/regional_state:ti/ed:seharte_sameria,Seharte Sameria,,,Tigray
ocd-division/country:et/regional_state:ti/ed:sehert_samre_dengola,Sehert Samre Dengola,,,Tigray
ocd-division/country:et/regional_state:ti/ed:seleklaka,Seleklaka,ocd-division/country:et/regional_state:ti/ed:selekleka,,Tigray
ocd-division/country:et/regional_state:ti/ed:selekleka,Selekleka,,,Tigray
ocd-division/country:et/regional_state:ti/ed:senkata,Senkata,,,Tigray
ocd-division/country:et/regional_state:ti/ed:sheraro,Sheraro,,,Tigray
ocd-division/country:et/regional_state:ti/ed:shiraro,Shiraro,ocd-division/country:et/regional_state:ti/ed:sheraro,,Tigray
ocd-division/country:et/regional_state:ti/ed:sinqata,Sinqata,,,Tigray
ocd-division/country:et/regional_state:ti/ed:t_koraro,T/Koraro,,,Tigray
ocd-division/country:et/regional_state:ti/ed:tselemt,Tselemt,,,Tigray
ocd-division/country:et/regional_state:ti/ed:tselemti,Tselemti,,,Tigray
ocd-division/country:et/regional_state:ti/ed:werkamba,Werkamba,,,Tigray
ocd-division/country:et/regional_state:ti/ed:werki_anba,Werkianba,ocd-division/country:et/regional_state:ti/ed:werkamba,,Tigray
ocd-division/country:et/regional_state:ti/ed:werqamba,Werqamba,ocd-division/country:et/regional_state:ti/ed:werkamba,,Tigray
ocd-division/country:et/regional_state:ti/ed:wukero_1,Wukero 1,,,Tigray
ocd-division/country:et/regional_state:ti/ed:wukro,Wukro,,,Tigray
ocd-division/country:et/regional_state:ti/ed:wukromaray,Wukromaray,,,Tigray
ocd-division/country:et/regional_state:ti/ed:wuqero,Wuqero,ocd-division/country:et/regional_state:ti/ed:wuqro,,Tigray
ocd-division/country:et/regional_state:ti/ed:wuqro,Wuqro,,,Tigray
ocd-division/country:et/regional_state:ti/ed:zalambesa,Zalambesa,,,Tigray
ocd-division/country:et/regional_state:ti/ed:zalanbesa,Zalanbesa,ocd-division/country:et/regional_state:ti/ed:zalambesa,,Tigray